,Date,Adj Close,Volume,Var%
0,2020-01-02,20.466218948364254,37774500,0.0172299345761326
1,2020-01-03,20.29955673217773,71595600,-0.0081432831636858
2,2020-01-06,20.539552688598636,81844000,0.0118227190665927
3,2020-01-07,20.459550857543945,32822000,-0.0038950133076216
4,2020-01-08,20.3328914642334,48215600,-0.0061907220834148
5,2020-01-09,20.266225814819336,36102700,-0.0032787097462911
6,2020-01-10,20.1795597076416,25397500,-0.0042763812053432
7,2020-01-13,20.219558715820312,30676800,0.0019821546534319
8,2020-01-14,19.99956512451172,39796500,-0.010880237022011
9,2020-01-15,19.69956970214844,34405700,-0.0150000972768954
10,2020-01-16,19.67956924438477,28997400,-0.0010152738392803
11,2020-01-17,19.899564743041992,34908000,0.0111788777449992
12,2020-01-20,19.99956512451172,31241400,0.0050252547108946
13,2020-01-21,19.746234893798828,28577400,-0.0126667869594027
14,2020-01-22,19.526241302490234,32491500,-0.0111410399244101
15,2020-01-23,19.766233444213867,53752100,0.0122907495613622
16,2020-01-24,19.53290557861328,36898700,-0.011804366586032
17,2020-01-27,18.686260223388672,66105300,-0.0433445680580981
18,2020-01-28,19.199581146240234,47259100,0.0274705006092692
19,2020-01-29,19.2329158782959,42297500,0.0017362218374328
20,2020-01-30,19.29291343688965,44266800,0.0031195248278217
21,2020-01-31,18.96625518798828,55446700,-0.0169315147745787
22,2020-02-03,18.78625869750977,39452800,-0.0094903547745425
23,2020-02-04,19.08625221252441,57658400,0.0159687737641138
24,2020-02-05,18.926252365112305,67994500,-0.0083829892652846
25,2020-02-06,19.452911376953125,126114000,0.0278269042217589
26,2020-02-07,19.286245346069336,54514600,-0.0085676651506902
27,2020-02-10,19.419574737548828,45328100,0.0069131854898167
28,2020-02-11,19.652904510498047,37518200,0.012015184477653
29,2020-02-12,20.086227416992188,64851000,0.0220487972280469
30,2020-02-13,19.81290054321289,55277100,-0.0136076759515364
31,2020-02-14,19.612905502319336,30399900,-0.010094182851085
32,2020-02-17,19.572904586791992,38684900,-0.0020395201273269
33,2020-02-18,19.83290100097656,33890900,0.0132834865173776
34,2020-02-19,20.3662223815918,44181800,0.0268907398160749
35,2020-02-20,19.946231842041016,73522900,-0.0206219166069007
36,2020-02-21,19.426240921020508,47805100,-0.0260696318552015
37,2020-02-26,17.472951889038086,89207100,-0.1005489965827012
38,2020-02-27,16.86629867553711,100112100,-0.0347195606874857
39,2020-02-28,16.892963409423828,89095300,0.0015809475688577
40,2020-03-02,17.686281204223633,71596400,0.0469614345081248
41,2020-03-03,17.366289138793945,86855700,-0.0180926709088663
42,2020-03-04,17.926273345947266,42320500,0.0322454729780117
43,2020-03-05,16.85963249206543,69722300,-0.0595015390704716
44,2020-03-06,15.219667434692385,138597600,-0.0972716966484801
45,2020-03-09,10.699766159057615,254813800,-0.2969776636072812
46,2020-03-10,11.70641040802002,170478000,0.0940809578450696
47,2020-03-11,10.566435813903809,132482400,-0.0973803714702518
48,2020-03-12,8.39981746673584,151535900,-0.2050472255097628
49,2020-03-13,10.266443252563477,174972600,0.222222184377181
50,2020-03-16,8.726476669311523,126432800,-0.1500000092892377
51,2020-03-17,8.66647720336914,149228500,-0.0068755659604733
52,2020-03-18,7.526501655578613,162515200,-0.1315385157128614
53,2020-03-19,8.139822006225586,157065200,0.0814881041303408
54,2020-03-20,7.999825477600098,149029900,-0.0171989668224212
55,2020-03-23,7.666499137878418,107092400,-0.0416667014368012
56,2020-03-24,8.83314037322998,114259200,0.152173921156197
57,2020-03-25,9.54645824432373,158286200,0.0807547305888578
58,2020-03-26,9.593122482299805,130618400,0.0048881204716755
59,2020-03-27,8.866474151611328,101405900,-0.0757468000673617
60,2020-03-30,8.919806480407715,110947200,0.0060150549005655
61,2020-03-31,9.326462745666504,156116500,0.0455902564872912
62,2020-04-01,9.533125877380373,114455000,0.0221587902455184
63,2020-04-02,10.339774131774902,234951200,0.0846152945812346
64,2020-04-03,10.226442337036133,142898700,-0.0109607611630985
65,2020-04-06,10.513104438781738,123934200,0.0280314592600232
66,2020-04-07,10.93309497833252,140498900,0.0399492406830355
67,2020-04-08,11.54641342163086,116151600,0.0560974220487271
68,2020-04-09,11.213088989257812,185771300,-0.0288682225554649
69,2020-04-13,11.286420822143556,93724000,0.0065398422286664
70,2020-04-14,11.15308952331543,91017200,-0.0118134261453847
71,2020-04-15,10.919760704040527,86749600,-0.0209205546846127
72,2020-04-16,10.47977066040039,115633300,-0.0402930115013722
73,2020-04-17,10.753097534179688,116733000,0.0260813793198841
74,2020-04-20,10.633102416992188,133739400,-0.0111591210631247
75,2020-04-22,11.166422843933104,114967100,0.0501566152592161
76,2020-04-23,11.300056457519531,94759000,0.011967450584144
77,2020-04-24,10.633386611938477,161188800,-0.0589970367039559
78,2020-04-27,10.966721534729004,85944900,0.0313479547914001
79,2020-04-28,11.500371932983398,91613600,0.0486608870813807
80,2020-04-29,12.133726119995115,94528400,0.0550724959768684
81,2020-04-30,12.033721923828123,80263900,-0.008241837270597
82,2020-05-04,11.587039947509766,60268400,-0.0371191871596998
83,2020-05-05,11.960387229919434,75043400,0.0322211094551292
84,2020-05-06,11.520371437072754,67937500,-0.0367894269966411
85,2020-05-07,11.627041816711426,81265100,0.0092592830206328
86,2020-05-08,12.320398330688477,83232700,0.0596330971288412
87,2020-05-11,12.100390434265137,65061500,-0.017857206440747
88,2020-05-12,12.09372329711914,71837200,-0.0005509852911123
89,2020-05-13,11.727046012878418,87222300,-0.0303196356682039
90,2020-05-14,11.600374221801758,119653200,-0.0108016793775305
91,2020-05-15,11.433701515197754,133733100,-0.0143678732614297
92,2020-05-18,12.36039924621582,116999500,0.0810496696792628
93,2020-05-19,12.453734397888184,80131600,0.0075511437626853
94,2020-05-20,12.86708164215088,74595100,0.0331906262857819
95,2020-05-21,12.793745994567873,81327000,-0.005699477909798
96,2020-05-22,12.447068214416504,71259400,-0.0270974412262494
97,2020-05-25,12.987086296081545,38033000,0.043385162864262
98,2020-05-26,13.11375617980957,68716900,0.0097535259903713
99,2020-05-27,13.28709602355957,74790800,0.0132181688734522
100,2020-05-28,13.180426597595217,65023000,-0.0080280465931169
101,2020-05-29,13.56043815612793,128832600,0.0288315067588214
102,2020-06-01,13.5537691116333,86579500,-0.000491801549319
103,2020-06-02,14.26712703704834,77235100,0.052631701155567
104,2020-06-03,14.31379508972168,86219700,0.003271019635008
105,2020-06-04,14.287127494812012,107401400,-0.0018630694894338
106,2020-06-05,14.733810424804688,114137700,0.031264712249182
107,2020-06-08,15.020484924316406,82444400,0.0194569151662964
108,2020-06-09,14.480466842651367,96488300,-0.0359521070315654
109,2020-06-10,14.26712703704834,102551100,-0.0147329369916892
110,2020-06-12,13.733777046203612,116746700,-0.0373831388379555
111,2020-06-15,13.800447463989258,99931000,0.0048544852272867
112,2020-06-16,14.247129440307615,94510600,0.0323672096491021
113,2020-06-17,14.29379653930664,63268700,0.0032755439749845
114,2020-06-18,14.400465965270996,56893300,0.0074626377723387
115,2020-06-19,14.31379508972168,91139800,-0.0060186160474485
116,2020-06-22,13.967116355895996,45419000,-0.0242199033626395
117,2020-06-23,14.433799743652344,78950900,0.0334130092328861
118,2020-06-24,14.000450134277344,65162400,-0.0300232521630748
119,2020-06-25,14.31379508972168,47263500,0.0223810629257679
120,2020-06-26,13.893781661987305,55499300,-0.0293432611757852
121,2020-06-29,14.440465927124023,59809600,0.0393474057989855
122,2020-06-30,14.3671293258667,65010600,-0.0050785481318559
123,2020-07-01,14.473800659179688,78983900,0.0074246796902521
124,2020-07-02,14.707140922546388,56345900,0.0161215612167981
125,2020-07-03,14.653804779052734,24060000,-0.003626547387731
126,2020-07-06,15.00715160369873,58070900,0.0241129747511783
127,2020-07-07,14.820476531982422,46591300,-0.0124390741591695
128,2020-07-08,15.10048770904541,49136300,0.0188935339871647
129,2020-07-09,14.760475158691406,57151500,-0.0225166601837853
130,2020-07-10,15.00715160369873,57428300,0.0167119582774457
131,2020-07-13,14.773810386657717,55425500,-0.01554866794199
132,2020-07-14,15.267160415649414,89380500,0.0333935535978751
133,2020-07-15,15.560503005981444,58390600,0.0192139587418851
134,2020-07-16,15.14715576171875,69698700,-0.0265638741950569
135,2020-07-17,15.160489082336426,49927600,0.0008802524267541
136,2020-07-20,15.160489082336426,48679800,0.0
137,2020-07-21,15.580503463745115,101769600,0.0277045403434941
138,2020-07-22,15.367162704467772,43085500,-0.0136928026603103
139,2020-07-23,15.047452926635742,64072100,-0.0208047369563595
140,2020-07-24,15.154125213623049,43380300,0.0070890593582439
141,2020-07-27,15.467476844787598,56539600,0.0206776456408621
142,2020-07-28,15.200793266296388,48353000,-0.0172415695958245
143,2020-07-29,15.44747543334961,44011500,0.0162282430088811
144,2020-07-30,15.214130401611328,57859000,-0.0151057066085058
145,2020-07-31,14.800774574279783,75397300,-0.0271692049706478
146,2020-08-03,14.534092903137209,63598500,-0.018018088837459
147,2020-08-04,14.520759582519531,63011900,-0.0009173823716784
148,2020-08-05,15.454142570495604,137214700,0.064279212300967
149,2020-08-06,15.48080825805664,56375100,0.0017254718234542
150,2020-08-07,15.19412899017334,56040200,-0.0185183656501981
151,2020-08-10,15.63415241241455,52390100,0.0289600952134729
152,2020-08-11,15.387471199035645,66342300,-0.015778355415227
153,2020-08-12,15.654152870178224,67008500,0.0173310914895028
154,2020-08-13,15.227463722229004,44588200,-0.0272572493374635
155,2020-08-14,15.114126205444336,38422000,-0.0074429674469831
156,2020-08-17,15.06745433807373,52064300,-0.0030879633222722
157,2020-08-18,15.347469329833984,49361300,0.0185840942655248
158,2020-08-19,15.260798454284668,51982100,-0.00564724214049
159,2020-08-20,15.154125213623049,55251700,-0.006990017002136
160,2020-08-21,15.040786743164062,38668300,-0.0074790506783656
161,2020-08-24,15.31413459777832,51841900,0.0181737737049221
162,2020-08-25,15.247465133666992,37981400,-0.004353459458362
163,2020-08-26,14.81410789489746,69925300,-0.0284215923742406
164,2020-08-27,14.76743984222412,35489800,-0.0031502438759348
165,2020-08-28,15.027453422546388,31071000,0.0176072212313211
166,2020-08-31,14.594096183776855,48539700,-0.0288377030082386
167,2020-09-01,15.247465133666992,66299700,0.0447694013841322
168,2020-09-02,15.200793266296388,53618000,-0.0030609591142827
169,2020-09-03,15.254131317138672,87642400,0.0035088991678182
170,2020-09-04,15.280797958374023,52351100,0.0017481586254204
171,2020-09-08,14.840775489807127,74490200,-0.028795778189434
172,2020-09-09,15.154125213623049,42143500,0.0211141071456226
173,2020-09-10,14.747438430786133,58350000,-0.0268367046664835
174,2020-09-11,14.58742904663086,71013700,-0.0108499781101811
175,2020-09-14,14.454090118408203,46453300,-0.0091406736441643
176,2020-09-15,14.44742202758789,58546700,-0.0004613289917032
177,2020-09-16,14.487424850463867,50379500,0.0027688554262199
178,2020-09-17,14.76743984222412,60432200,0.019328141105166
179,2020-09-18,14.434088706970217,64243500,-0.0225733870471417
180,2020-09-21,13.934062004089355,73300000,-0.0346420694116558
181,2020-09-22,13.867392539978027,47207700,-0.0047846395467281
182,2020-09-23,13.487371444702148,57106300,-0.0274039329441583
183,2020-09-24,13.600711822509766,76310000,0.0084034445312275
184,2020-09-25,13.420702934265137,40150400,-0.0132352549332532
185,2020-09-28,13.087350845336914,48797400,-0.0248386459756234
186,2020-09-29,12.874006271362305,52878100,-0.0163015858973953
187,2020-09-30,13.074017524719238,69505000,0.0155360537458997
188,2020-10-01,13.23402500152588,77537300,0.0122385851559485
189,2020-10-02,12.6806640625,85306000,-0.0418135026163299
190,2020-10-05,13.354032516479492,73288500,0.0531019866673083
191,2020-10-06,13.287362098693848,77064600,-0.0049925307358186
192,2020-10-07,13.194025039672852,53521000,-0.0070244987927416
193,2020-10-08,13.62738037109375,78070400,0.0328448165073091
194,2020-10-09,13.200689315795898,67962300,-0.031311304423772
195,2020-10-13,13.420702934265137,55330600,0.0166668280122288
196,2020-10-14,13.314029693603516,44584300,-0.0079484093481622
197,2020-10-15,13.16735553741455,56952100,-0.0110165111213047
198,2020-10-16,12.887340545654297,49929000,-0.0212658487852478
199,2020-10-19,13.014015197753906,107419300,0.0098293865713299
200,2020-10-20,13.4540376663208,68407700,0.0338114303603116
201,2020-10-21,13.440703392028809,60594900,-0.0009910983321662
202,2020-10-22,13.894060134887695,98926900,0.0337301352195418
203,2020-10-23,13.71405029296875,61711200,-0.0129558847573247
204,2020-10-26,13.50070571899414,58229100,-0.0155566422331112
205,2020-10-27,13.254026412963867,48978400,-0.0182715860314783
206,2020-10-28,12.447318077087402,79247400,-0.0608651522745885
207,2020-10-29,12.860674858093262,86794800,0.0332085014977445
208,2020-10-30,12.627326965332031,64185100,-0.0181442961070106
209,2020-11-03,13.10068416595459,66292400,0.0374867303208468
210,2020-11-04,13.147353172302246,65777600,0.0035623335206367
211,2020-11-05,13.260693550109863,40874800,0.0086207753242981
212,2020-11-06,13.16735553741455,37273300,-0.0070386976625773
213,2020-11-09,14.40742015838623,164904100,0.0941771958270649
214,2020-11-10,15.387471199035645,163732600,0.0680240480166012
215,2020-11-11,15.254131317138672,93072900,-0.0086654837674255
216,2020-11-12,14.607430458068848,77275000,-0.042395128613009
217,2020-11-13,15.08745574951172,66065200,0.0328617201239329
218,2020-11-16,15.527480125427246,101583300,0.0291649157565727
219,2020-11-17,15.794159889221191,94082100,0.0171746968368189
220,2020-11-18,15.70082187652588,68540400,-0.0059096535269983
221,2020-11-19,15.880830764770508,65382100,0.0114649341072876
222,2020-11-23,16.734210968017578,125649000,0.0537364962757602
223,2020-11-24,17.480913162231445,153293500,0.0446212967937935
224,2020-11-25,17.50091552734375,73971200,0.0011442402880601
225,2020-11-26,17.2142333984375,41935900,-0.0163809789526915
226,2020-11-27,17.00088882446289,49863500,-0.0123934983938334
227,2020-11-30,16.600868225097656,90207700,-0.0235293932861696
228,2020-12-01,17.06756019592285,58866000,0.0281125037857741
229,2020-12-02,17.27423667907715,88093300,0.012109316198789
230,2020-12-03,17.760929107666016,62424500,0.0281744680028819
231,2020-12-04,18.354293823242188,61652400,0.0334084276773596
232,2020-12-07,18.000940322875977,72664200,-0.0192518167012645
233,2020-12-08,17.774261474609375,46276700,-0.0125926115081073
234,2020-12-09,17.960941314697266,52448300,0.0105028183789557
235,2020-12-10,18.54763603210449,97537100,0.0326650317000445
236,2020-12-11,18.38096046447754,48334300,-0.0089863510011977
237,2020-12-14,18.41429710388184,53159500,0.0018136505689527
238,2020-12-15,18.5676383972168,47208200,0.0083272954959892
239,2020-12-16,18.7943172454834,59399200,0.0122082756792905
240,2020-12-17,18.82765007019043,39297700,0.0017735586917924
241,2020-12-18,18.73431205749512,44707900,-0.0049574966789452
242,2020-12-21,18.0142765045166,99988800,-0.0384340535573841
243,2020-12-22,18.187618255615234,46513200,0.0096224653293832
244,2020-12-23,18.63430976867676,49038900,0.0245601984154033
245,2020-12-28,18.78765106201172,36313300,0.0082289762936493
246,2020-12-29,18.84765243530273,29891100,0.0031936601916318
247,2020-12-30,18.89432144165039,36968200,0.0024761177291365
248,2021-01-04,19.27433967590332,74719700,0.0201128278370041
249,2021-01-05,20.02771759033203,95181100,0.0390870933633373
250,2021-01-06,20.06771850585937,96562500,0.001997277789989
251,2021-01-07,20.667747497558597,56171300,0.0299002097086433
252,2021-01-08,20.747751235961918,67136300,0.0038709461886337
253,2021-01-11,20.57440948486328,48744700,-0.0083547247664209
254,2021-01-12,20.42106819152832,65691900,-0.0074530106658844
255,2021-01-13,19.434349060058597,93826600,-0.0483186835387517
256,2021-01-14,19.63435935974121,50745400,0.0102915872851989
257,2021-01-15,18.74764633178711,80673300,-0.0451612915760439
258,2021-01-18,18.71431350708008,68855700,-0.0017779738382687
259,2021-01-19,19.127668380737305,61656000,0.0220876322019958
260,2021-01-20,18.807647705078125,60306200,-0.0167307728934416
261,2021-01-21,18.367626190185547,41284900,-0.0233958824512525
262,2021-01-22,18.060943603515625,51181900,-0.016696909197433
263,2021-01-26,18.000944137573242,64514600,-0.0033220559932817
264,2021-01-27,18.26762008666992,68337800,0.0148145534511185
265,2021-01-28,18.50763511657715,67827000,0.0131388231618834
266,2021-01-29,17.79426383972168,67555300,-0.0385447018142532
267,2021-02-01,18.354293823242188,44449500,0.0314725008331262
268,2021-02-02,19.107666015625,91663000,0.0410461006910989
269,2021-02-03,19.294343948364254,47486800,0.009769792531783
270,2021-02-04,19.214340209960938,41444100,-0.0041464865878532
271,2021-02-05,19.22767448425293,121098700,0.0006939751324419
272,2021-02-08,18.74098014831543,98821700,-0.0253121788771748
273,2021-02-09,18.360960006713867,63662200,-0.0202774955522121
274,2021-02-10,18.534299850463867,52949900,0.0094406743267572
275,2021-02-11,18.72097969055176,61158600,0.0100721279786146
276,2021-02-12,18.96099090576172,47801100,0.0128204409799712
277,2021-02-17,19.72769927978516,54973400,0.0404360920710349
278,2021-02-18,19.51435661315918,105539200,-0.0108143713871686
279,2021-02-19,18.2209529876709,215834800,-0.0662795935898853
280,2021-02-22,14.447423934936523,490230400,-0.2070983364749204
281,2021-02-23,16.04083824157715,293503100,0.1102905482538971
282,2021-02-24,16.26751708984375,155246400,0.0141313592751692
283,2021-02-25,15.460808753967283,170233000,-0.0495901329884026
284,2021-02-26,14.82744312286377,159881000,-0.0409658796756665
285,2021-03-01,14.667433738708496,90330100,-0.0107914346950716
286,2021-03-02,14.660767555236816,147772300,-0.000454488739505
287,2021-03-03,14.127406120300291,185688500,-0.0363801849341788
288,2021-03-04,14.81410789489746,127843200,0.048607774757067
289,2021-03-05,14.927445411682127,126306300,0.0076506474496318
290,2021-03-08,14.067402839660645,141142800,-0.0576148529304565
291,2021-03-09,14.394087791442873,122648000,0.0232228333478297
292,2021-03-10,14.894112586975098,111744100,0.0347382066010106
293,2021-03-11,15.527480125427246,130577500,0.04252469119953
294,2021-03-12,15.447473526000977,68123200,-0.0051525810228056
295,2021-03-15,15.767491340637209,68295000,0.0207165148461061
296,2021-03-16,15.52081298828125,43407900,-0.0156447431634351
297,2021-03-17,16.05417251586914,77966400,0.0343641488361849
298,2021-03-18,15.49414348602295,77198900,-0.0348837057339839
299,2021-03-19,16.000839233398438,90244500,0.0327024044815753
300,2021-03-22,15.68082046508789,44129300,-0.0200001239711585
301,2021-03-23,15.20079517364502,57124700,-0.0306122560685908
302,2021-03-24,15.214128494262695,63338300,0.0008771462588215
303,2021-03-25,15.467474937438965,79214500,0.0166520509716876
304,2021-03-26,15.640816688537598,60918600,0.0112068551460238
305,2021-03-29,15.887496948242188,50099700,0.0157715715628437
306,2021-03-30,15.887496948242188,41959100,0.0
307,2021-03-31,16.067506790161133,68609400,0.0113302833357185
308,2021-04-01,15.927497863769531,47232900,-0.0087137928877263
309,2021-04-05,16.02750587463379,40454400,0.0062789530232332
310,2021-04-06,16.014169692993164,45934300,-0.0008320809079678
311,2021-04-07,16.000839233398438,55892200,-0.0008324165317518
312,2021-04-08,15.800826072692873,63231300,-0.0125001668842519
313,2021-04-09,15.767491340637209,47494400,-0.002109682867358
314,2021-04-12,15.927497863769531,50592900,0.0101478744890726
315,2021-04-13,15.980834007263184,53612300,0.0033486831359101
316,2021-04-14,16.234182357788086,90836500,0.0158532621269802
317,2021-04-15,15.91224193572998,64193600,-0.0198310216654465
318,2021-04-16,15.815760612487791,59567300,-0.0060633393856049
319,2021-04-19,16.732316970825195,196519100,0.0579520884764599
320,2021-04-20,16.415311813354492,94965400,-0.018945682060855
321,2021-04-22,16.339506149291992,46600100,-0.0046179850205969
322,2021-04-23,16.32572364807129,60341000,-0.0008435078205408
323,2021-04-26,16.38774871826172,33281000,0.0037992233316872
324,2021-04-27,15.919132232666016,76684900,-0.0285955376575611
325,2021-04-28,16.498008728027344,66374200,0.0363635710100751
326,2021-04-29,16.277484893798828,49775900,-0.013366693997069
327,2021-04-30,16.277484893798828,61039200,0.0
328,2021-05-03,16.146549224853516,49039900,-0.008043974225723
329,2021-05-04,15.774410247802734,44765000,-0.0230475857019633
330,2021-05-05,16.422203063964844,75611900,0.0410660560988225
331,2021-05-06,16.194787979125977,54091600,-0.0138480253808261
332,2021-05-07,16.80122947692871,74118200,0.0374467080757339
333,2021-05-10,17.02175521850586,73804500,0.0131255716660481
334,2021-05-11,17.331867218017578,73729900,0.0182185676818198
335,2021-05-12,17.076887130737305,89980700,-0.0147116340133973
336,2021-05-13,17.22160530090332,77282100,0.0084745052806218
337,2021-05-14,18.124380111694336,196135500,0.0524210603493311
338,2021-05-17,18.372468948364254,83512600,0.0136881280982321
339,2021-05-18,18.158836364746094,63510600,-0.0116278647262149
340,2021-05-19,18.0210075378418,84700500,-0.0075901794661182
341,2021-05-20,17.86939811706543,71371100,-0.0084129269941209
342,2021-05-21,17.883180618286133,82884500,0.0007712907357266
343,2021-05-24,18.1864013671875,63029600,0.0169556386737665
344,2021-05-25,17.807374954223633,63672000,-0.020841199163663
345,2021-05-26,17.979660034179688,46646900,0.0096749285281485
346,2021-05-27,17.855613708496094,48877800,-0.006899258687193
347,2021-05-28,18.59988594055176,129526400,0.0416828143913934
348,2021-05-31,18.51719093322754,46298900,-0.0044459953995699
349,2021-06-01,18.80662727355957,90744900,0.0156306829354262
350,2021-06-02,19.206329345703125,103985100,0.0212532564361234
351,2021-06-04,19.64048767089844,102757300,0.0226049609678511
352,2021-06-07,19.49576759338379,74548900,-0.0073684564222445
353,2021-06-08,19.75074958801269,88398600,0.0130788384405771
354,2021-06-09,19.75074958801269,60724200,0.0
355,2021-06-10,19.7645320892334,35871000,0.0006978216780728
356,2021-06-11,19.688724517822266,54894400,-0.0038355358512346
357,2021-06-14,19.81277084350586,64286600,0.0063003738800502
358,2021-06-15,20.0057315826416,42597100,0.0097392101619642
359,2021-06-16,20.0815372467041,77432900,0.003789197298252
360,2021-06-17,19.38550567626953,95264600,-0.0346602733587443
361,2021-06-18,19.516441345214844,115250700,0.0067543076323046
362,2021-06-21,19.95059967041016,50709600,0.0222457730646556
363,2021-06-22,20.05397224426269,41602700,0.0051814269024632
364,2021-06-23,20.191797256469727,57278500,0.0068727038478106
365,2021-06-24,20.43299865722656,51447000,0.0119455141953523
366,2021-06-25,20.05397224426269,84950900,-0.0185497204459422
367,2021-06-28,20.019514083862305,40341200,-0.0017182710727172
368,2021-06-29,20.109102249145508,43215200,0.0044750419469681
369,2021-06-30,20.28138732910156,71367600,0.0085675172278452
370,2021-07-01,20.026405334472656,65084000,-0.0125722166088231
371,2021-07-02,20.109102249145508,37336700,0.0041293938323769
372,2021-07-05,19.881685256958008,56028600,-0.0113091568867607
373,2021-07-06,19.068500518798828,97839700,-0.0409011976424176
374,2021-07-07,19.33037376403809,73793500,0.013733289881975
375,2021-07-08,18.944456100463867,80574200,-0.0199643146213848
376,2021-07-12,19.10984992980957,53001200,0.0087304606935456
377,2021-07-13,19.22700500488281,41594300,0.0061306119882444
378,2021-07-14,19.068500518798828,51654600,-0.0082438469248711
379,2021-07-15,18.661909103393555,67982600,-0.0213226737469174
380,2021-07-16,18.386253356933597,69024100,-0.0147710368179767
381,2021-07-19,18.08302879333496,80087700,-0.0164919169616623
382,2021-07-20,18.3242301940918,63408800,0.013338550942624
383,2021-07-21,18.579212188720703,51116600,0.0139150180896068
384,2021-07-22,18.53786277770996,37736500,-0.002225573968946
385,2021-07-23,18.427600860595703,34025500,-0.0059479303756007
386,2021-07-26,18.93067169189453,46802600,0.0272998549895098
387,2021-07-27,18.710147857666016,51901800,-0.0116490232263093
388,2021-07-28,19.096065521240234,46727100,0.0206261151173157
389,2021-07-29,19.164979934692383,43916600,0.003608827869568
390,2021-07-30,18.544754028320312,74150400,-0.0323624605131643
391,2021-08-02,18.200183868408203,70528800,-0.0185804653642698
392,2021-08-03,18.503406524658203,71850400,0.0166604171937148
393,2021-08-04,18.110595703125,87970600,-0.0212291083271467
394,2021-08-05,19.53711700439453,223915900,0.0787672213909222
395,2021-08-06,19.564680099487305,51106100,0.0014108066756508
396,2021-08-09,19.42685317993164,75381900,-0.0070446804575801
397,2021-08-10,19.48887825012207,84380900,0.0031927492124408
398,2021-08-11,19.757640838623047,97863500,0.0137905622402507
399,2021-08-12,20.05397224426269,95319300,0.0149983192861957
400,2021-08-13,20.22625732421875,85201800,0.0085910700312923
401,2021-08-16,19.73696517944336,101262100,-0.0241909383892549
402,2021-08-17,19.73690223693848,93623700,-3.1890670277867628e-06
403,2021-08-18,19.56165885925293,86103100,-0.0088789707514268
404,2021-08-19,19.452129364013672,80808200,-0.0055991925852162
405,2021-08-20,19.42292213439941,88445600,-0.0015014926678562
406,2021-08-23,19.72960090637207,70161500,0.0157895279531345
407,2021-08-24,20.13850212097168,49831400,0.0207252653786598
408,2021-08-25,20.248031616210938,46031200,0.0054388104230054
409,2021-08-26,20.07278633117676,41061300,-0.0086549294447898
410,2021-08-27,20.80297088623047,76465300,0.0363768409131919
411,2021-08-30,20.664236068725582,61054000,-0.0066689906102167
412,2021-08-31,19.853731155395508,110574300,-0.039222592629821
413,2021-09-01,19.744203567504883,69430400,-0.0055167256488641
414,2021-09-02,19.42292213439941,56052000,-0.0162721900636314
415,2021-09-03,19.225772857666016,58182700,-0.0101503406835078
416,2021-09-06,19.32069396972656,26770700,0.0049371805629492
417,2021-09-08,18.23272132873535,80378400,-0.0563112610083232
418,2021-09-09,18.619718551635746,156617100,0.0212254230140878
419,2021-09-10,18.50288772583008,78379900,-0.0062745752832767
420,2021-09-13,19.152751922607425,63317900,0.0351223120632209
421,2021-09-14,18.897186279296875,65497300,-0.0133435468878434
422,2021-09-15,19.225772857666016,67274100,0.0173881218882374
423,2021-09-16,19.05782890319824,65567700,-0.0087353551771942
424,2021-09-17,18.203514099121094,131694100,-0.0448274988938419
425,2021-09-20,17.999061584472656,80260600,-0.011231486049076
426,2021-09-21,18.407962799072266,64570200,0.0227179185248389
427,2021-09-22,18.875282287597656,70231800,0.0253868118719222
428,2021-09-23,19.59816551208496,84480600,0.0382978762104282
429,2021-09-24,19.64197540283203,44821500,0.0022354077334461
430,2021-09-27,19.81722068786621,89178700,0.0089219786421743
431,2021-09-28,19.68578720092773,117874300,-0.0066322865859262
432,2021-09-29,19.9997673034668,58731700,0.0159495832873914
433,2021-09-30,19.882936477661133,65744000,-0.0058416092563943
434,2021-10-01,20.445180892944336,60983200,0.0282777353292305
435,2021-10-04,21.02202606201172,106937000,0.0282142365033537
436,2021-10-05,21.482044219970703,100469100,0.0218826747051879
437,2021-10-06,20.912498474121094,84599400,-0.0265126419077069
438,2021-10-07,20.88329124450684,60551100,-0.001396639892187
439,2021-10-08,21.262989044189453,84170500,0.0181818945700187
440,2021-10-11,21.409025192260746,76466700,0.00686809120617
441,2021-10-13,21.6353816986084,55605400,0.0105729478252696
442,2021-10-14,21.671890258789062,76172700,0.0016874470110694
443,2021-10-15,21.613475799560547,72479900,-0.0026954021329461
444,2021-10-18,21.50394821166992,68971300,-0.0050675601141789
445,2021-10-19,20.452482223510746,111484000,-0.0488964155702608
446,2021-10-20,20.810274124145508,56063300,0.0174938130601807
447,2021-10-21,20.043581008911133,101567700,-0.0368420478586971
448,2021-10-22,19.8464298248291,138384700,-0.0098361257898167
449,2021-10-25,21.204572677612305,135830600,0.068432602980516
450,2021-10-26,21.000120162963867,57865600,-0.0096419068545671
451,2021-10-27,20.94900894165039,57579200,-0.0024338537549711
452,2021-10-28,21.14615631103516,89578000,0.0094108208141914
453,2021-10-29,19.824522018432617,157340000,-0.0624999774504098
454,2021-11-01,20.445180892944336,102157200,0.0313076337444422
455,2021-11-03,19.60546875,83475800,-0.0410713970857612
456,2021-11-04,18.98480987548828,92603400,-0.0316574361177525
457,2021-11-05,18.875282287597656,86264000,-0.0057692222681692
458,2021-11-08,19.072433471679688,59704100,0.0104449396347079
459,2021-11-09,19.452129364013672,73021700,0.0199080989270608
460,2021-11-10,19.298789978027344,68176300,-0.007882910046342
461,2021-11-11,19.31339263916016,60848900,0.0007566620057235
462,2021-11-12,19.707693099975582,85962500,0.0204159087003668
463,2021-11-16,19.912145614624023,60978200,0.0103742489601024
464,2021-11-17,19.40831756591797,82106800,-0.0253025494317412
465,2021-11-18,19.37911033630371,63993000,-0.0015048820957849
466,2021-11-19,19.05782890319824,85893800,-0.0165787503930765
467,2021-11-22,19.247678756713867,59195200,0.009961777623251
468,2021-11-23,20.29914283752441,108382300,0.0546280979696722
469,2021-11-24,20.71534919738769,64263300,0.0205036421091582
470,2021-11-25,21.628080368041992,104052200,0.0440606220033885
471,2021-11-26,20.788366317749023,108871800,-0.0388251770847746
472,2021-11-29,21.51855087280273,84672200,0.0351246723235909
473,2021-11-30,21.48934555053711,129384600,-0.0013572160336566
474,2021-12-01,21.613475799560547,135078600,0.0057763624644369
475,2021-12-02,23.26259994506836,191410300,0.0763007375954469
476,2021-12-03,23.5907039642334,105133000,0.0141043572059793
477,2021-12-06,23.697338104248047,66142300,0.0045201762599504
478,2021-12-07,24.082860946655277,98989300,0.0162686138295893
479,2021-12-08,24.07465934753418,71167700,-0.0003405575084812
480,2021-12-09,24.02544403076172,67668200,-0.0020442788436589
481,2021-12-10,24.320735931396484,38517500,0.0122907988820801
482,2021-12-13,24.17308807373047,45448700,-0.0060708630726675
483,2021-12-14,23.88599967956543,56833800,-0.0118763640495326
484,2021-12-15,24.03364372253418,55085100,0.0061811958866875
485,2021-12-16,24.35354804992676,56545700,0.0133106877627811
486,2021-12-17,23.77936553955078,93593700,-0.0235769551606548
487,2021-12-20,23.09854888916016,106282500,-0.0286305641442898
488,2021-12-21,23.1313591003418,40454500,0.0014204446928283
489,2021-12-22,23.09854888916016,33734500,-0.0014184298916165
490,2021-12-23,23.237993240356445,28713600,0.0060369312317158
491,2021-12-27,23.582502365112305,44227900,0.0148252528173373
492,2021-12-28,23.60711097717285,30688100,0.0010435114848945
493,2021-12-29,23.41024780273437,35508400,-0.008339147243762
494,2021-12-30,23.336423873901367,43229100,-0.0031534877142301
495,2022-01-03,23.861391067504883,52704700,0.0224955308570293
496,2022-01-04,23.95162010192871,51739200,0.0037813819893637
497,2022-01-05,23.02472305297852,78459800,-0.0386987203790676
498,2022-01-06,23.008319854736328,61163100,-0.0007124167445768
499,2022-01-07,23.114953994750977,47507600,0.0046345904737019
500,2022-01-10,22.975509643554688,37455200,-0.0060326467112136
501,2022-01-11,23.65632438659668,73623800,0.0296321933051431
502,2022-01-12,24.378154754638672,81378200,0.0305132089096211
503,2022-01-13,24.870311737060547,76717500,0.020188442783112
504,2022-01-14,25.79720687866211,96458800,0.0372691404676019
505,2022-01-17,25.83822059631348,35675900,0.0015898510968368
506,2022-01-18,25.953054428100582,78198800,0.0044443397856697
507,2022-01-19,25.83001708984375,77480200,-0.0047407652381608
508,2022-01-20,26.0186767578125,85353100,0.0073038924950201
509,2022-01-21,26.059690475463867,61345400,0.001576318351357
510,2022-01-24,26.207338333129883,79117100,0.0056657563836006
511,2022-01-25,27.06040954589844,98358500,0.0325508528155318
512,2022-01-26,27.7822380065918,98679900,0.0266747056975997
513,2022-01-27,27.790441513061523,90631000,0.0002952788205103
514,2022-01-28,26.69129180908203,117400500,-0.0395513580978154
515,2022-01-31,26.53544044494629,62450300,-0.0058390341408171
516,2022-02-01,27.06861114501953,57315200,0.0200927774754455
517,2022-02-02,26.67488670349121,36271700,-0.0145454245664452
518,2022-02-03,26.30576705932617,51087800,-0.0138377211595327
519,2022-02-04,26.76511573791504,59346800,0.0174619001815425
520,2022-02-07,26.37138938903809,48868100,-0.0147104295282088
521,2022-02-08,26.108905792236328,62590000,-0.0099533472783525
522,2022-02-09,26.207338333129883,50960500,0.0037700753021532
523,2022-02-10,26.609264373779297,49534600,0.0153363930186425
524,2022-02-11,27.692007064819336,88013400,0.0406904405860604
525,2022-02-14,27.06861114501953,55687000,-0.0225117637136451
526,2022-02-15,26.642074584960938,65689000,-0.0157576078718421
527,2022-02-16,27.011192321777344,65811600,0.0138546919700002
528,2022-02-17,26.90455818176269,43255200,-0.0039477761197781
529,2022-02-18,27.06861114501953,60304700,0.0060975899380515
530,2022-02-21,27.765830993652344,51263800,0.0257575035858865
531,2022-02-22,27.67560577392578,80206700,-0.0032495054712099
532,2022-02-23,28.0693302154541,86530100,0.0142264073547131
533,2022-02-24,27.38851356506348,139674100,-0.0242548235089623
534,2022-02-25,27.888872146606445,86189100,0.0182689206683059
535,2022-03-02,28.438446044921875,58071800,0.0197058488212225
536,2022-03-03,28.085737228393555,69237400,-0.0124025347929058
537,2022-03-04,28.077531814575195,55418000,-0.0002921558993318
538,2022-03-07,26.08429718017578,110954100,-0.0709903793382834
539,2022-03-08,26.62566947937012,111633500,0.0207547205682727
540,2022-03-09,26.70769691467285,87779300,0.0030807651753617
541,2022-03-10,27.642793655395508,136437700,0.0350122567179846
542,2022-03-11,26.650279998779297,92153700,-0.0359049692657414
543,2022-03-14,26.14171600341797,52274100,-0.0190828762543816
544,2022-03-15,25.51011657714844,66272000,-0.0241605955089923
545,2022-03-16,25.28864479064941,72034900,-0.0086817238106005
546,2022-03-17,24.616029739379883,178319300,-0.0265975127112478
547,2022-03-18,25.10818672180176,93097100,0.019993353421837
548,2022-03-21,26.051488876342773,67700800,0.037569505316843
549,2022-03-22,25.9366512298584,56128600,-0.0044081030082183
550,2022-03-23,26.28936195373535,52956100,0.0135989307467307
551,2022-03-24,26.592857360839844,49402800,0.0115444189036839
552,2022-03-25,26.494428634643555,51780100,-0.0037013219324536
553,2022-03-28,25.920246124267575,68610500,-0.0216718208304815
554,2022-03-29,26.494428634643555,93809000,0.0221518926796919
555,2022-03-30,27.06040954589844,69648400,0.0213622614421968
556,2022-03-31,27.437728881835938,94269500,0.0139435929562525
557,2022-04-01,27.076812744140625,72545400,-0.0131540091838374
558,2022-04-04,26.822534561157227,56053000,-0.0093909938878764
559,2022-04-05,26.56825065612793,45847200,-0.0094802340341667
560,2022-04-06,26.54364585876465,56947100,-0.0009260977578742
561,2022-04-07,27.92168426513672,118469400,0.0519159430360258
562,2022-04-08,28.06112670898437,60772700,0.0049940556065153
563,2022-04-11,27.84786033630371,48125400,-0.0076000644910805
564,2022-04-12,27.765830993652344,68522800,-0.0029456246067289
565,2022-04-13,28.356420516967773,101438800,0.02127037089041
566,2022-04-14,28.060516357421875,119382100,-0.0104351732042073
567,2022-04-18,27.56696510314941,76350600,-0.0175888158288263
568,2022-04-19,28.401512145996094,88494100,0.0302734464865461
569,2022-04-20,28.536115646362305,34694700,0.0047393075296233
570,2022-04-22,27.42338752746582,74560900,-0.0389936784910083
571,2022-04-25,27.019575119018555,66413900,-0.0147251103840774
572,2022-04-26,26.974706649780277,48764100,-0.0016605912210181
573,2022-04-27,26.974706649780277,41881300,0.0
574,2022-04-28,27.15417861938477,43298500,0.0066533427753125
575,2022-04-29,27.17212677001953,76243900,0.0006609719589143
576,2022-05-02,26.90291786193848,72456200,-0.0099075390881102
577,2022-05-03,27.145206451416016,52531000,0.0090060338704123
578,2022-05-04,28.778404235839844,109417000,0.0601652371790539
579,2022-05-05,28.72456169128418,99439900,-0.0018709357236913
580,2022-05-06,29.666793823242188,129570200,0.0328023153872494
581,2022-05-09,28.859167098999023,92314500,-0.0272232560436118
582,2022-05-10,29.110427856445312,60330600,0.0087064452201395
583,2022-05-11,30.12444877624512,108895400,0.0348335972525148
584,2022-05-12,30.357763290405277,114415900,0.0077450218556078
585,2022-05-13,30.75260162353516,67000100,0.0130061733913933
586,2022-05-16,31.05770492553711,92075300,0.0099212192105546
587,2022-05-17,30.653892517089844,90914700,-0.0130020041537335
588,2022-05-18,30.1513671875,80986200,-0.0163935242256649
589,2022-05-19,30.662864685058597,63983100,0.016964321862348
590,2022-05-20,31.255126953125,79589900,0.019315294710706
591,2022-05-23,32.48451232910156,93807400,0.0393338788167565
592,2022-05-24,31.600000381469727,154453100,-0.0272287279141154
593,2022-05-25,32.04999923706055,69991900,0.0142404699417251
594,2022-05-26,32.130001068115234,78303600,0.0024961570346053
595,2022-05-27,30.600000381469727,118295600,-0.0476190674068738
596,2022-05-30,29.989999771118164,98110100,-0.0199346602204932
597,2022-05-31,30.059999465942383,83598000,0.0023341012123525
598,2022-06-01,30.020000457763672,46353200,-0.0013306390182751
599,2022-06-02,29.76000022888184,50738300,-0.0086609002304194
600,2022-06-03,30.280000686645508,60396900,0.0174731335270292
601,2022-06-06,30.299999237060547,39213900,0.0006604540938421
602,2022-06-07,30.65999984741211,80333700,0.0118812085615909
603,2022-06-08,30.51000022888184,65923900,-0.0048923554884796
604,2022-06-09,30.06999969482422,53879000,-0.0144215185433232
605,2022-06-10,29.649999618530277,63101700,-0.0139674120570821
606,2022-06-13,29.270000457763672,64507100,-0.0128161607303736
607,2022-06-14,29.600000381469727,68816900,0.0112743395471497
608,2022-06-15,29.07999992370605,72785700,-0.0175675828061544
609,2022-06-17,27.309999465942383,184606500,-0.0608665908668302
610,2022-06-20,27.6200008392334,92581800,0.0113512039309122
611,2022-06-21,27.06999969482422,85179500,-0.0199131472736205
612,2022-06-22,26.989999771118164,57874700,-0.0029552982862186
613,2022-06-23,26.489999771118164,69262300,-0.0185253799273851
614,2022-06-24,26.290000915527344,53413400,-0.0075499757387267
615,2022-06-27,27.979999542236328,90417700,0.0642829428625406
616,2022-06-28,28.32999992370605,51388000,0.0125089487918466
617,2022-06-29,28.07999992370605,52048800,-0.0088245676199527
618,2022-06-30,27.93000030517578,49910100,-0.0053418667712901
619,2022-07-01,27.93000030517578,49910100,-0.0053418667712901
620,2022-07-04,27.93000030517578,49910100,-0.0053418667712901
621,2022-07-05,26.989999771118164,57874700,-0.0029552982862186
622,2022-07-06,26.989999771118164,57874700,-0.0029552982862186
623,2022-07-07,27.93000030517578,49910100,-0.0053418667712901
624,2022-07-08,27.93000030517578,49910100,-0.0053418667712901
625,2022-07-11,27.93000030517578,49910100,-0.0053418667712901
626,2022-07-12,26.989999771118164,57874700,-0.0029552982862186
627,2022-07-13,27.93000030517578,49910100,-0.0053418667712901
628,2022-07-14,26.989999771118164,57874700,-0.0029552982862186
629,2022-07-15,27.93000030517578,49910100,-0.0053418667712901
